"Factor","Chi_Square_p_value","Cramers_V"
"ag16g10",8.04524857755755e-32,0.0937084587204091
"Sex",0.0890635628654173,0.0296321474685583
"qimd19",1.42864511202668e-26,0.201343093573751
"origin2",2.37448380551033e-05,0.0439030235422299
